{
  "scan_id": "20260516_211506",
  "pose_order": [
    "center",
    "left",
    "right"
  ],
  "captures": [
    {
      "pose_name": "center",
      "image_path": "/home/frainer/Desktop/FS26/RobotLearning/R2D2-RL/project3_modular/data/observation_scans/scan_20260516_211506/center.png",
      "image_shape": [
        480,
        640,
        3
      ],
      "joint_positions": {
        "shoulder_pan.pos": 2.10989010989011,
        "shoulder_lift.pos": -65.71428571428571,
        "elbow_flex.pos": 17.23076923076923,
        "wrist_flex.pos": 100.04395604395604,
        "wrist_roll.pos": 3.6483516483516483,
        "gripper.pos": 1.6517549896765313
      }
    },
    {
      "pose_name": "left",
      "image_path": "/home/frainer/Desktop/FS26/RobotLearning/R2D2-RL/project3_modular/data/observation_scans/scan_20260516_211506/left.png",
      "image_shape": [
        480,
        640,
        3
      ],
      "joint_positions": {
        "shoulder_pan.pos": -6.241758241758242,
        "shoulder_lift.pos": -60.43956043956044,
        "elbow_flex.pos": 21.274725274725274,
        "wrist_flex.pos": 94.76923076923077,
        "wrist_roll.pos": -13.582417582417582,
        "gripper.pos": 1.6517549896765313
      }
    },
    {
      "pose_name": "right",
      "image_path": "/home/frainer/Desktop/FS26/RobotLearning/R2D2-RL/project3_modular/data/observation_scans/scan_20260516_211506/right.png",
      "image_shape": [
        480,
        640,
        3
      ],
      "joint_positions": {
        "shoulder_pan.pos": 17.494505494505493,
        "shoulder_lift.pos": -65.18681318681318,
        "elbow_flex.pos": 17.23076923076923,
        "wrist_flex.pos": 96.52747252747253,
        "wrist_roll.pos": 27.032967032967033,
        "gripper.pos": 1.6517549896765313
      }
    }
  ]
}
