{
  "num_examples": 85,
  "num_train": 68,
  "num_val": 17,
  "best_epoch": 8,
  "best_selection_loss": 1.0919711589813232,
  "train_metrics": {
    "joint_mae_deg": 9.372224807739258,
    "sample_mae_deg_mean": 9.372224807739258,
    "sample_mae_deg_max": 19.606237411499023,
    "loss": 0.5450554370880127
  },
  "val_metrics": {
    "joint_mae_deg": 8.700274467468262,
    "sample_mae_deg_mean": 8.700275421142578,
    "sample_mae_deg_max": 48.4953727722168,
    "loss": 1.0919711589813232
  },
  "train_indices": [
    77,
    36,
    34,
    4,
    57,
    25,
    83,
    23,
    55,
    73,
    66,
    80,
    43,
    53,
    10,
    15,
    30,
    2,
    35,
    70,
    17,
    64,
    28,
    78,
    18,
    50,
    3,
    1,
    67,
    24,
    21,
    47,
    0,
    6,
    45,
    22,
    26,
    51,
    37,
    74,
    49,
    68,
    81,
    62,
    65,
    40,
    61,
    12,
    32,
    82,
    46,
    58,
    14,
    38,
    75,
    31,
    76,
    48,
    7,
    63,
    69,
    59,
    54,
    29,
    41,
    56,
    33,
    79
  ],
  "val_indices": [
    20,
    13,
    11,
    44,
    5,
    71,
    60,
    19,
    27,
    72,
    84,
    9,
    52,
    16,
    39,
    8,
    42
  ]
}
