{
  "scan_id": "20260516_222048",
  "pose_order": [
    "center",
    "left",
    "right"
  ],
  "captures": [
    {
      "pose_name": "center",
      "image_path": "/home/frainer/Desktop/FS26/RobotLearning/R2D2-RL/project3_modular/data/observation_scans/scan_20260516_222048/center.png",
      "image_shape": [
        480,
        640,
        3
      ],
      "joint_positions": {
        "shoulder_pan.pos": 2.10989010989011,
        "shoulder_lift.pos": -65.97802197802197,
        "elbow_flex.pos": 17.142857142857142,
        "wrist_flex.pos": 99.95604395604396,
        "wrist_roll.pos": 3.7362637362637363,
        "gripper.pos": 1.3764624913971095
      }
    },
    {
      "pose_name": "left",
      "image_path": "/home/frainer/Desktop/FS26/RobotLearning/R2D2-RL/project3_modular/data/observation_scans/scan_20260516_222048/left.png",
      "image_shape": [
        480,
        640,
        3
      ],
      "joint_positions": {
        "shoulder_pan.pos": -6.153846153846154,
        "shoulder_lift.pos": -60.61538461538461,
        "elbow_flex.pos": 21.274725274725274,
        "wrist_flex.pos": 94.50549450549451,
        "wrist_roll.pos": -13.582417582417582,
        "gripper.pos": 1.3764624913971095
      }
    },
    {
      "pose_name": "right",
      "image_path": "/home/frainer/Desktop/FS26/RobotLearning/R2D2-RL/project3_modular/data/observation_scans/scan_20260516_222048/right.png",
      "image_shape": [
        480,
        640,
        3
      ],
      "joint_positions": {
        "shoulder_pan.pos": 17.494505494505493,
        "shoulder_lift.pos": -65.0989010989011,
        "elbow_flex.pos": 17.054945054945055,
        "wrist_flex.pos": 96.52747252747253,
        "wrist_roll.pos": 27.032967032967033,
        "gripper.pos": 1.3764624913971095
      }
    }
  ]
}
