{
  "cube_xy": [
    0.1587942617108926,
    0.23156702641050878
  ],
  "is_reliable": true,
  "best_cluster": {
    "members": [
      {
        "pose_name": "center",
        "detection_index": 1,
        "color": "red",
        "centroid_uv": [
          546.7530755711775,
          263.28925014645574
        ],
        "bbox_xywh": [
          525,
          247,
          47,
          33
        ],
        "area_px": 1138.0,
        "table_xy": [
          0.16002123771652407,
          0.2319965118677185
        ],
        "inside_workspace": true
      },
      {
        "pose_name": "right",
        "detection_index": 2,
        "color": "red",
        "centroid_uv": [
          406.5746683782627,
          262.1756525459991
        ],
        "bbox_xywh": [
          389,
          249,
          37,
          30
        ],
        "area_px": 779.0,
        "table_xy": [
          0.1575672857052611,
          0.23113754095329905
        ],
        "inside_workspace": true
      }
    ],
    "center_xy": [
      0.1587942617108926,
      0.23156702641050878
    ],
    "num_members": 2,
    "num_distinct_views": 2,
    "distinct_views": [
      "center",
      "right"
    ],
    "fused_xy": [
      0.1587942617108926,
      0.23156702641050878
    ],
    "max_residual_m": 0.0012999722598386629,
    "mean_residual_m": 0.0012999722598386629,
    "total_area_px": 1917.0
  },
  "clusters": [
    {
      "members": [
        {
          "pose_name": "center",
          "detection_index": 1,
          "color": "red",
          "centroid_uv": [
            546.7530755711775,
            263.28925014645574
          ],
          "bbox_xywh": [
            525,
            247,
            47,
            33
          ],
          "area_px": 1138.0,
          "table_xy": [
            0.16002123771652407,
            0.2319965118677185
          ],
          "inside_workspace": true
        },
        {
          "pose_name": "right",
          "detection_index": 2,
          "color": "red",
          "centroid_uv": [
            406.5746683782627,
            262.1756525459991
          ],
          "bbox_xywh": [
            389,
            249,
            37,
            30
          ],
          "area_px": 779.0,
          "table_xy": [
            0.1575672857052611,
            0.23113754095329905
          ],
          "inside_workspace": true
        }
      ],
      "center_xy": [
        0.1587942617108926,
        0.23156702641050878
      ],
      "num_members": 2,
      "num_distinct_views": 2,
      "distinct_views": [
        "center",
        "right"
      ],
      "fused_xy": [
        0.1587942617108926,
        0.23156702641050878
      ],
      "max_residual_m": 0.0012999722598386629,
      "mean_residual_m": 0.0012999722598386629,
      "total_area_px": 1917.0
    },
    {
      "members": [
        {
          "pose_name": "right",
          "detection_index": 1,
          "color": "blue",
          "centroid_uv": [
            224.17099567099567,
            464.3742985409652
          ],
          "bbox_xywh": [
            178,
            444,
            86,
            36
          ],
          "area_px": 2079.0,
          "table_xy": [
            0.02379601525819827,
            0.08734078761678003
          ],
          "inside_workspace": true
        }
      ],
      "center_xy": [
        0.02379601525819827,
        0.08734078761678003
      ],
      "num_members": 1,
      "num_distinct_views": 1,
      "distinct_views": [
        "right"
      ],
      "fused_xy": [
        0.02379601525819827,
        0.08734078761678003
      ],
      "max_residual_m": 0.0,
      "mean_residual_m": 0.0,
      "total_area_px": 2079.0
    },
    {
      "members": [
        {
          "pose_name": "center",
          "detection_index": 0,
          "color": "yellow",
          "centroid_uv": [
            24.292746469217057,
            22.140819964349372
          ],
          "bbox_xywh": [
            0,
            0,
            50,
            52
          ],
          "area_px": 1215.5,
          "table_xy": [
            -0.26791654959435773,
            0.42073750932890513
          ],
          "inside_workspace": true
        }
      ],
      "center_xy": [
        -0.26791654959435773,
        0.42073750932890513
      ],
      "num_members": 1,
      "num_distinct_views": 1,
      "distinct_views": [
        "center"
      ],
      "fused_xy": [
        -0.26791654959435773,
        0.42073750932890513
      ],
      "max_residual_m": 0.0,
      "mean_residual_m": 0.0,
      "total_area_px": 1215.5
    },
    {
      "members": [
        {
          "pose_name": "right",
          "detection_index": 4,
          "color": "blue",
          "centroid_uv": [
            475.1297648012976,
            470.4063260340633
          ],
          "bbox_xywh": [
            469,
            458,
            16,
            22
          ],
          "area_px": 205.5,
          "table_xy": [
            0.21979738117707334,
            0.06314937241965042
          ],
          "inside_workspace": true
        }
      ],
      "center_xy": [
        0.21979738117707334,
        0.06314937241965042
      ],
      "num_members": 1,
      "num_distinct_views": 1,
      "distinct_views": [
        "right"
      ],
      "fused_xy": [
        0.21979738117707334,
        0.06314937241965042
      ],
      "max_residual_m": 0.0,
      "mean_residual_m": 0.0,
      "total_area_px": 205.5
    }
  ],
  "workspace_bounds": {
    "x": [
      -0.3,
      0.3
    ],
    "y": [
      0.05,
      0.65
    ]
  },
  "target_color": null,
  "poses": {
    "center": {
      "image_path": "/home/frainer/Desktop/FS26/RobotLearning/R2D2-RL/project3_modular/data/observation_scans/scan_20260516_235451/center.png",
      "homography_path": "/home/frainer/Desktop/FS26/RobotLearning/R2D2-RL/project3_modular/data/calibration/homography_center.npy",
      "num_detections": 2,
      "candidates": [
        {
          "pose_name": "center",
          "detection_index": 0,
          "color": "yellow",
          "centroid_uv": [
            24.292746469217057,
            22.140819964349372
          ],
          "bbox_xywh": [
            0,
            0,
            50,
            52
          ],
          "area_px": 1215.5,
          "table_xy": [
            -0.26791654959435773,
            0.42073750932890513
          ],
          "inside_workspace": true
        },
        {
          "pose_name": "center",
          "detection_index": 1,
          "color": "red",
          "centroid_uv": [
            546.7530755711775,
            263.28925014645574
          ],
          "bbox_xywh": [
            525,
            247,
            47,
            33
          ],
          "area_px": 1138.0,
          "table_xy": [
            0.16002123771652407,
            0.2319965118677185
          ],
          "inside_workspace": true
        }
      ],
      "valid_candidates": [
        {
          "pose_name": "center",
          "detection_index": 0,
          "color": "yellow",
          "centroid_uv": [
            24.292746469217057,
            22.140819964349372
          ],
          "bbox_xywh": [
            0,
            0,
            50,
            52
          ],
          "area_px": 1215.5,
          "table_xy": [
            -0.26791654959435773,
            0.42073750932890513
          ],
          "inside_workspace": true
        },
        {
          "pose_name": "center",
          "detection_index": 1,
          "color": "red",
          "centroid_uv": [
            546.7530755711775,
            263.28925014645574
          ],
          "bbox_xywh": [
            525,
            247,
            47,
            33
          ],
          "area_px": 1138.0,
          "table_xy": [
            0.16002123771652407,
            0.2319965118677185
          ],
          "inside_workspace": true
        }
      ]
    },