{
  "scan_dir": "project3_modular/data/observation_scans/scan_20260516_215648",
  "test_points_json": "/home/frainer/Desktop/FS26/RobotLearning/R2D2-RL/project3_modular/data/calibration/test_points.json",
  "poses": {
    "center": {
      "mean_error_m": 0.0016718919312679423,
      "mean_error_cm": 0.16718919312679423,
      "max_error_m": 0.002255432181579871,
      "max_error_cm": 0.22554321815798709,
      "rmse_m": 0.0017708026015264824,
      "rmse_cm": 0.17708026015264824,
      "per_point": [
        {
          "id": "A",
          "predicted_xy": [
            -0.13303233976588255,
            0.2211024008022398
          ],
          "true_xy": [
            -0.135,
            0.22
          ],
          "error_m": 0.002255432181579871,
          "error_cm": 0.22554321815798709
        },
        {
          "id": "B",
          "predicted_xy": [
            0.027552564891196445,
            0.32906235325284156
          ],
          "true_xy": [
            0.027,
            0.33
          ],
          "error_m": 0.0010883516809560138,
          "error_cm": 0.10883516809560138
        }
      ]
    },
    "left": {
      "mean_error_m": 0.003991544140048482,
      "mean_error_cm": 0.3991544140048482,
      "max_error_m": 0.004631338347187498,
      "max_error_cm": 0.4631338347187498,
      "rmse_m": 0.004042494434064693,
      "rmse_cm": 0.4042494434064693,
      "per_point": [
        {
          "id": "A",
          "predicted_xy": [
            -0.13306364356160796,
            0.22420711523845344
          ],
          "true_xy": [
            -0.135,
            0.22
          ],
          "error_m": 0.004631338347187498,
          "error_cm": 0.4631338347187498
        },
        {
          "id": "B",
          "predicted_xy": [
            0.02820031045548151,
            0.33312945401359734
          ],
          "true_xy": [
            0.027,
            0.33
          ],
          "error_m": 0.0033517499329094665,
          "error_cm": 0.33517499329094663
        }
      ]
    },
    "right": {
      "mean_error_m": 0.002557867094347811,
      "mean_error_cm": 0.2557867094347811,
      "max_error_m": 0.002557867094347811,
      "max_error_cm": 0.2557867094347811,
      "rmse_m": 0.002557867094347811,
      "rmse_cm": 0.2557867094347811,
      "per_point": [
        {
          "id": "B",
          "predicted_xy": [
            0.028845222576810384,
            0.3282286057145919
          ],
          "true_xy": [
            0.027,
            0.33
          ],
          "error_m": 0.002557867094347811,
          "error_cm": 0.2557867094347811
        }
      ]
    }
  },
  "overall": {
    "rmse_m": 0.0030165440583018593,
    "rmse_cm": 0.30165440583018593,
    "mean_error_m": 0.0027769478473961317,
    "mean_error_cm": 0.2776947847396132,
    "max_error_m": 0.004631338347187498,
    "max_error_cm": 0.4631338347187498
  }
}
