{
  "pose_order": [
    "center",
    "left",
    "right"
  ],
  "captures": [
    {
      "pose_name": "center",
      "image_path": "/home/frainer/Desktop/FS26/RobotLearning/R2D2-RL/project3_modular/data/observation_scans/scan_20260517_001655/center.png",
      "image_shape": [
        480,
        640,
        3
      ],
      "joint_positions": {
        "shoulder_pan.pos": 2.10989010989011,
        "shoulder_lift.pos": -65.71428571428571,
        "elbow_flex.pos": 17.23076923076923,
        "wrist_flex.pos": 99.78021978021978,
        "wrist_roll.pos": 2.857142857142857,
        "gripper.pos": 1.5141087405368203
      }
    },
    {
      "pose_name": "left",
      "image_path": "/home/frainer/Desktop/FS26/RobotLearning/R2D2-RL/project3_modular/data/observation_scans/scan_20260517_001655/left.png",
      "image_shape": [
        480,
        640,
        3
      ],
      "joint_positions": {
        "shoulder_pan.pos": -6.065934065934066,
        "shoulder_lift.pos": -60.527472527472526,
        "elbow_flex.pos": 21.274725274725274,
        "wrist_flex.pos": 94.32967032967034,
        "wrist_roll.pos": -13.582417582417582,
        "gripper.pos": 1.5141087405368203
      }
    },
    {
      "pose_name": "right",
      "image_path": "/home/frainer/Desktop/FS26/RobotLearning/R2D2-RL/project3_modular/data/observation_scans/scan_20260517_001655/right.png",
      "image_shape": [
        480,
        640,
        3
      ],
      "joint_positions": {
        "shoulder_pan.pos": 17.582417582417584,
        "shoulder_lift.pos": -65.18681318681318,
        "elbow_flex.pos": 17.054945054945055,
        "wrist_flex.pos": 96.52747252747253,
        "wrist_roll.pos": 27.032967032967033,
        "gripper.pos": 1.5141087405368203
      }
    }
  ]
}
