{
  "pose_order": [
    "center",
    "left",
    "right"
  ],
  "captures": [
    {
      "pose_name": "center",
      "image_path": "/home/frainer/Desktop/FS26/RobotLearning/R2D2-RL/project3_modular/data/observation_scans/scan_20260517_003853/center.png",
      "image_shape": [
        480,
        640,
        3
      ],
      "joint_positions": {
        "shoulder_pan.pos": 2.10989010989011,
        "shoulder_lift.pos": -64.83516483516483,
        "elbow_flex.pos": 14.32967032967033,
        "wrist_flex.pos": 99.6923076923077,
        "wrist_roll.pos": 2.857142857142857,
        "gripper.pos": 1.5829318651066757
      }
    },
    {
      "pose_name": "left",
      "image_path": "/home/frainer/Desktop/FS26/RobotLearning/R2D2-RL/project3_modular/data/observation_scans/scan_20260517_003853/left.png",
      "image_shape": [
        480,
        640,
        3
      ],
      "joint_positions": {
        "shoulder_pan.pos": -6.153846153846154,
        "shoulder_lift.pos": -60.43956043956044,
        "elbow_flex.pos": 21.36263736263736,
        "wrist_flex.pos": 94.50549450549451,
        "wrist_roll.pos": -13.582417582417582,
        "gripper.pos": 1.5829318651066757
      }
    },
    {
      "pose_name": "right",
      "image_path": "/home/frainer/Desktop/FS26/RobotLearning/R2D2-RL/project3_modular/data/observation_scans/scan_20260517_003853/right.png",
      "image_shape": [
        480,
        640,
        3
      ],
      "joint_positions": {
        "shoulder_pan.pos": 17.582417582417584,
        "shoulder_lift.pos": -65.18681318681318,
        "elbow_flex.pos": 17.054945054945055,
        "wrist_flex.pos": 96.52747252747253,
        "wrist_roll.pos": 26.857142857142858,
        "gripper.pos": 1.5829318651066757
      }
    }
  ]
}
