{
  "pose_order": [
    "center",
    "left",
    "right"
  ],
  "captures": [
    {
      "pose_name": "center",
      "image_path": "/home/frainer/Desktop/FS26/RobotLearning/R2D2-RL/project3_modular/data/observation_scans/scan_20260516_223435/center.png",
      "image_shape": [
        480,
        640,
        3
      ],
      "joint_positions": {
        "shoulder_pan.pos": 2.10989010989011,
        "shoulder_lift.pos": -65.97802197802197,
        "elbow_flex.pos": 17.142857142857142,
        "wrist_flex.pos": 99.95604395604396,
        "wrist_roll.pos": 3.6483516483516483,
        "gripper.pos": 1.3764624913971095
      }
    },
    {
      "pose_name": "left",
      "image_path": "/home/frainer/Desktop/FS26/RobotLearning/R2D2-RL/project3_modular/data/observation_scans/scan_20260516_223435/left.png",
      "image_shape": [
        480,
        640,
        3
      ],
      "joint_positions": {
        "shoulder_pan.pos": -6.241758241758242,
        "shoulder_lift.pos": -60.527472527472526,
        "elbow_flex.pos": 21.36263736263736,
        "wrist_flex.pos": 94.41758241758242,
        "wrist_roll.pos": -13.758241758241759,
        "gripper.pos": 1.3764624913971095
      }
    },
    {
      "pose_name": "right",
      "image_path": "/home/frainer/Desktop/FS26/RobotLearning/R2D2-RL/project3_modular/data/observation_scans/scan_20260516_223435/right.png",
      "image_shape": [
        480,
        640,
        3
      ],
      "joint_positions": {
        "shoulder_pan.pos": 17.494505494505493,
        "shoulder_lift.pos": -65.18681318681318,
        "elbow_flex.pos": 17.142857142857142,
        "wrist_flex.pos": 96.87912087912088,
        "wrist_roll.pos": 27.032967032967033,
        "gripper.pos": 1.3764624913971095
      }
    }
  ]
}
