{
  "scan_id": "20260516_233603",
  "pose_order": [
    "center",
    "left",
    "right"
  ],
  "captures": [
    {
      "pose_name": "center",
      "image_path": "/home/frainer/Desktop/FS26/RobotLearning/R2D2-RL/project3_modular/data/observation_scans/scan_20260516_233603/center.png",
      "image_shape": [
        480,
        640,
        3
      ],
      "joint_positions": {
        "shoulder_pan.pos": 2.10989010989011,
        "shoulder_lift.pos": -65.71428571428571,
        "elbow_flex.pos": 16.87912087912088,
        "wrist_flex.pos": 99.78021978021978,
        "wrist_roll.pos": 3.8241758241758244,
        "gripper.pos": 1.307639366827254
      }
    },
    {
      "pose_name": "left",
      "image_path": "/home/frainer/Desktop/FS26/RobotLearning/R2D2-RL/project3_modular/data/observation_scans/scan_20260516_233603/left.png",
      "image_shape": [
        480,
        640,
        3
      ],
      "joint_positions": {
        "shoulder_pan.pos": -6.153846153846154,
        "shoulder_lift.pos": -60.527472527472526,
        "elbow_flex.pos": 21.36263736263736,
        "wrist_flex.pos": 94.32967032967034,
        "wrist_roll.pos": -13.582417582417582,
        "gripper.pos": 1.307639366827254
      }
    },
    {
      "pose_name": "right",
      "image_path": "/home/frainer/Desktop/FS26/RobotLearning/R2D2-RL/project3_modular/data/observation_scans/scan_20260516_233603/right.png",
      "image_shape": [
        480,
        640,
        3
      ],
      "joint_positions": {
        "shoulder_pan.pos": 17.582417582417584,
        "shoulder_lift.pos": -65.18681318681318,
        "elbow_flex.pos": 17.054945054945055,
        "wrist_flex.pos": 96.52747252747253,
        "wrist_roll.pos": 27.032967032967033,
        "gripper.pos": 1.307639366827254
      }
    }
  ]
}
