{
  "scan_id": "20260516_203107",
  "pose_order": [
    "center",
    "left",
    "right"
  ],
  "captures": [
    {
      "pose_name": "center",
      "image_path": "/home/frainer/Desktop/FS26/RobotLearning/R2D2-RL/project3_modular/data/observation_scans/scan_20260516_203107/center.png",
      "image_shape": [
        480,
        640,
        3
      ],
      "joint_positions": {
        "shoulder_pan.pos": 2.10989010989011,
        "shoulder_lift.pos": -65.18681318681318,
        "elbow_flex.pos": 16.967032967032967,
        "wrist_flex.pos": 99.78021978021978,
        "wrist_roll.pos": 2.5934065934065935,
        "gripper.pos": 1.5141087405368203
      }
    },
    {
      "pose_name": "left",
      "image_path": "/home/frainer/Desktop/FS26/RobotLearning/R2D2-RL/project3_modular/data/observation_scans/scan_20260516_203107/left.png",
      "image_shape": [
        480,
        640,
        3
      ],
      "joint_positions": {
        "shoulder_pan.pos": -6.241758241758242,
        "shoulder_lift.pos": -60.527472527472526,
        "elbow_flex.pos": 21.274725274725274,
        "wrist_flex.pos": 94.85714285714286,
        "wrist_roll.pos": -13.582417582417582,
        "gripper.pos": 1.5141087405368203
      }
    },
    {
      "pose_name": "right",
      "image_path": "/home/frainer/Desktop/FS26/RobotLearning/R2D2-RL/project3_modular/data/observation_scans/scan_20260516_203107/right.png",
      "image_shape": [
        480,
        640,
        3
      ],
      "joint_positions": {
        "shoulder_pan.pos": 17.67032967032967,
        "shoulder_lift.pos": -65.18681318681318,
        "elbow_flex.pos": 16.87912087912088,
        "wrist_flex.pos": 96.52747252747253,
        "wrist_roll.pos": 26.76923076923077,
        "gripper.pos": 1.5141087405368203
      }
    }
  ]
}
